Keywords,Weightage
lack,3.48490665
dynamic,3.48490665
bytecode,3.48490665
alt,3.48490665
disk,3.48490665
forget,3.48490665
const,3.48490665
effort,3.48490665
send,3.48490665
structs,3.48490665
unnecessarily,3.48490665
callocsizeofbutton,3.48490665
relieve,3.48490665
advantage,3.48490665
intconstexpr,3.48490665
corruptsteal,3.48490665
internally,3.48490665
unlike,3.48490665
level,3.48490665
deallocates,3.48490665
vector,3.48490665
deallocated,3.48490665
pretend,3.48490665
sign,3.48490665
jump,3.48490665
imply,3.48490665
design,3.48490665
hspace,3.48490665
leakage,3.48490665
index,3.48490665
aclone,3.48490665
body,3.48490665
objecta,3.48490665
component,3.48490665
codebase,3.48490665
applettemplate,3.48490665
tostring,3.48490665
convert,3.48490665
upperleft,3.48490665
mml,3.48490665
truefalse,3.48490665
implement,3.48490665
rightshift,3.48490665
namen,3.48490665
visible,3.48490665
systemoutprintlnwidth,3.48490665
market,3.48490665
discus,3.48490665
illegal,3.48490665
onetwo,3.48490665
